{
    "header": [{
            "routeName": "Home",
            "path": ""
        },
        {
            "routeName": "Join Us",
            "path": "",
            "subPath": [{
                    "routeName": "Careers",
                    "path": "/destination"
                },
                {
                    "routeName": "Promote your service",
                    "path": "/service"
                }

            ]
        },
        {
            "routeName": "About Us",
            "path": "/about-us"
        },

        {
            "routeName": "Contact Us",
            "path": "/contact-us"
        }
    ]
}